{
  "0": {
    "precision": 1.0,
    "recall": 0.996875,
    "f1-score": 0.9984350547730829,
    "support": 320.0
  },
  "1": {
    "precision": 0.9937888198757764,
    "recall": 1.0,
    "f1-score": 0.9968847352024922,
    "support": 160.0
  },
  "accuracy": 0.9979166666666667,
  "macro avg": {
    "precision": 0.9968944099378882,
    "recall": 0.9984375,
    "f1-score": 0.9976598949877875,
    "support": 480.0
  },
  "weighted avg": {
    "precision": 0.9979296066252588,
    "recall": 0.9979166666666667,
    "f1-score": 0.9979182815828859,
    "support": 480.0
  }
}