{
  "0": {
    "precision": 0.968421052631579,
    "recall": 0.8625,
    "f1-score": 0.912396694214876,
    "support": 320.0
  },
  "1": {
    "precision": 0.7743589743589744,
    "recall": 0.94375,
    "f1-score": 0.8507042253521127,
    "support": 160.0
  },
  "accuracy": 0.8895833333333333,
  "macro avg": {
    "precision": 0.8713900134952767,
    "recall": 0.903125,
    "f1-score": 0.8815504597834943,
    "support": 480.0
  },
  "weighted avg": {
    "precision": 0.9037336932073774,
    "recall": 0.8895833333333333,
    "f1-score": 0.8918325379272881,
    "support": 480.0
  }
}