{
  "f1_test_mean": 0.9937559611098987,
  "f1_test_std": 0.003993398793079302,
  "f1_train_mean": 0.9949344164016036,
  "f1_gap_train_test": 0.0011784552917049052,
  "recall_test_mean": 0.9984251968503937,
  "recall_test_std": 0.003149606299212593,
  "precision_test_mean": 0.9891469141323792,
  "precision_test_std": 0.00620229576624925,
  "roc_auc_test_mean": 0.9999388442283029,
  "roc_auc_test_std": 6.418693690021015e-05
}